studytime,G1,G2,G3
2,5,6,6
2,5,5,6
2,7,8,10
3,15,14,15
2,6,10,10
2,15,15,15
2,12,12,11
2,6,5,6
2,16,18,19
2,14,15,15
2,10,8,9
3,10,12,12
1,14,14,14
2,10,10,11
3,14,16,16
1,14,14,14
3,13,14,14
2,8,10,10
1,6,5,5
1,8,10,10
2,13,14,15
1,12,15,15
2,15,15,16
2,13,13,12
3,10,9,8
1,6,9,8
1,12,12,11
1,15,16,15
2,11,11,11
2,10,12,11
2,9,11,12
2,17,16,17
2,17,16,16
2,8,10,12
1,12,14,15
1,8,7,6
3,15,16,18
3,15,16,15
3,12,12,11
1,14,13,13
2,7,10,11
1,12,12,12
2,19,18,18
1,8,8,11
2,10,10,9
2,8,8,6
2,11,12,11
4,19,19,20
2,15,15,14
2,7,7,7
2,12,13,13
2,11,13,13
1,11,11,10
1,8,10,11
1,10,13,13
2,8,9,10
2,14,15,15
2,14,15,15
2,9,10,9
2,15,16,16
2,10,11,11
1,10,8,11
2,8,10,9
3,10,9,9
2,10,10,10
2,16,15,15
4,13,13,12
4,7,7,6
2,8,9,8
4,16,16,16
4,13,15,15
4,10,10,10
2,8,6,5
1,12,12,14
2,11,12,11
2,9,9,10
4,11,11,10
4,11,11,11
1,8,8,10
2,5,5,5
1,10,12,12
3,11,10,11
2,7,6,6
2,15,15,15
2,9,10,10
2,7,9,8
2,8,7,6
3,13,14,14
2,11,10,10
2,8,6,7
3,7,7,8
1,16,17,18
2,7,6,6
2,11,10,10
4,11,13,14
4,7,10,10
1,11,15,15
2,8,9,10
1,11,14,14
3,7,9,8
1,7,7,5
3,16,17,17
1,10,13,14
2,7,6,6
2,16,18,18
4,10,11,11
4,7,8,8
3,16,18,18
4,10,13,13
3,14,15,16
1,18,19,19
3,7,10,10
2,10,13,13
1,18,19,19
2,9,9,9
2,15,15,16
2,11,13,14
1,13,14,13
2,9,7,8
1,14,13,13
2,16,15,15
4,16,14,15
2,13,13,13
1,14,11,13
2,8,7,8
1,13,13,12
2,7,10,11
2,7,8,9
1,7,4,0
1,18,18,18
3,12,0,0
1,8,0,0
1,10,13,12
1,12,11,11
2,9,0,0
3,11,0,0
2,10,0,0
1,4,0,0
2,14,12,12
1,16,16,15
4,7,9,0
1,9,9,9
3,9,11,11
1,14,14,13
1,5,0,0
2,8,11,11
2,6,7,0
2,10,11,11
1,7,6,0
1,8,9,10
1,6,5,0
1,12,13,14
3,10,10,10
1,5,0,0
1,11,11,12
2,11,8,8
1,16,12,13
1,9,8,10
1,17,15,15
2,10,12,12
1,7,6,0
2,5,9,7
1,7,0,0
1,10,10,10
2,5,8,7
1,12,11,12
2,10,10,10
2,14,15,16
2,6,7,0
2,14,14,14
1,6,5,0
2,13,15,16
2,13,11,10
2,8,7,0
2,10,11,9
2,10,9,9
2,13,13,11
2,6,5,6
1,10,8,9
2,10,10,11
2,9,8,8
2,12,13,12
2,16,17,17
2,9,9,8
2,12,13,12
2,12,12,11
1,11,12,11
2,15,15,15
2,8,7,9
2,8,9,10
2,11,12,13
2,8,8,9
2,7,8,8
1,8,9,10
1,13,14,14
2,14,15,15
1,17,15,16
1,9,9,10
1,18,18,18
2,9,9,10
2,16,16,16
2,8,10,10
2,9,9,10
1,7,6,6
4,10,10,11
3,10,9,9
2,7,7,7
2,11,12,13
1,9,9,10
3,7,7,7
4,8,8,8
2,12,12,13
2,12,13,14
2,6,7,8
1,8,10,10
2,14,15,15
2,6,6,4
2,6,6,8
1,7,7,8
3,9,10,10
2,6,6,6
3,6,5,0
2,16,16,17
2,12,13,13
3,13,13,14
2,9,8,7
2,16,15,15
2,12,11,12
2,10,8,9
3,12,10,12
2,13,13,14
2,11,11,11
2,11,9,9
2,14,13,13
2,9,7,6
3,11,9,10
2,14,13,13
1,13,12,12
2,13,11,11
2,7,7,0
2,12,12,12
2,10,11,12
1,6,0,0
1,13,12,12
3,7,0,0
1,18,18,18
1,12,12,13
1,6,8,8
2,3,5,5
1,13,15,15
1,6,8,8
2,7,10,10
1,6,9,8
1,8,9,8
1,8,12,12
1,7,9,8
4,14,12,13
2,11,11,11
2,15,14,14
4,10,9,0
2,17,18,18
2,8,8,8
3,13,12,12
3,10,9,9
3,9,10,0
2,17,17,17
2,9,9,10
2,12,10,11
2,10,9,10
2,6,0,0
2,9,9,9
4,15,14,14
2,11,11,11
2,15,14,14
2,10,10,10
2,12,12,12
2,10,9,9
1,9,9,9
2,9,8,8
1,10,11,10
1,8,8,8
1,11,9,10
4,12,12,12
2,8,9,10
2,10,9,11
2,12,10,11
3,18,18,19
3,13,12,12
3,15,14,14
2,15,13,15
2,12,11,11
3,15,15,15
2,12,12,13
4,18,18,18
3,14,13,14
1,14,12,11
2,10,9,0
2,10,8,8
4,14,13,14
1,16,15,16
2,12,10,11
1,11,11,10
3,15,12,14
4,17,17,18
2,15,14,13
2,14,12,12
1,17,18,18
1,8,9,8
2,15,12,12
2,12,10,10
2,9,9,0
2,14,12,13
2,13,11,11
2,13,10,11
3,15,13,13
3,13,11,11
2,8,8,0
3,9,10,9
3,11,11,10
2,11,11,11
2,13,13,13
2,11,9,9
3,11,11,11
3,12,14,15
3,16,15,15
3,9,12,11
1,14,15,16
1,11,10,10
3,10,9,9
3,14,14,14
4,9,8,8
3,12,14,14
2,7,0,0
2,8,8,0
4,10,9,0
3,16,15,15
3,14,13,13
2,7,8,0
4,16,15,17
2,9,10,10
3,11,12,11
2,10,10,0
2,16,15,15
2,9,8,0
3,11,10,10
3,13,13,14
3,16,15,16
3,10,10,9
3,13,15,15
1,11,13,13
2,8,7,8
2,13,13,13
1,8,7,8
1,8,8,8
2,13,11,11
2,10,9,9
2,12,13,13
2,12,12,11
1,10,10,10
3,18,16,16
2,13,13,13
2,13,12,12
2,11,11,10
2,16,15,15
2,12,11,12
2,10,10,10
3,13,13,13
1,7,6,0
1,11,10,10
2,14,12,11
2,7,7,9
1,14,12,12
3,13,11,11
1,6,5,5
3,19,18,19
3,8,8,10
3,15,14,15
2,8,9,10
2,15,15,15
2,10,10,10
2,15,14,14
1,7,6,7
2,11,11,10
1,6,5,0
1,6,5,5
3,10,9,10
1,6,5,6
3,7,5,0
2,7,9,8
2,6,5,0
2,9,9,9
1,14,16,16
1,10,8,7
1,11,12,10
1,8,9,9
